{"cameraMode":{"drawMode":0,"name":"Shaded","section":"Shading Mode"},"sceneLighting":true,"audioPlay":false,"sceneViewState":{"m_AlwaysRefresh":false,"showFog":true,"showSkybox":true,"showFlares":true,"showImageEffects":true,"showParticleSystems":true,"showVisualEffectGraphs":true,"m_FxEnabled":true},"in2DMode":false,"pivot":{"x":-1.1827565431594849,"y":0.6394796371459961,"z":-7.931509971618652},"rotation":{"x":0.040706463158130649,"y":0.06738799065351486,"z":-0.0027509278152137996,"w":0.996900737285614},"size":1.3085086345672608,"orthographic":false}